trace,window,model,rmse,cost_1,cost_2,cost_5,cost_10,cost_20,viol_5,rel_1,rel_2,rel_5,rel_10,rel_20,rel_rmse
alibaba2018,0,Naive,5.916030394672193,1292.7908894357204,1939.5650619224816,3879.887579382765,7113.758441816572,13581.500166684184,0.4652777777777778,1.0,1.0,1.0,1.0,1.0,1.0
alibaba2018,0,ARIMA,5.2275926911969375,1147.927810860465,1703.8605679106033,3371.658839061018,6151.32262431171,11710.650194813094,0.4131944444444444,0.8879454676243228,0.8784755929877135,0.8690094158855503,0.8647078298516003,0.8622501234097586,0.8836318176973461
alibaba2018,0,XGBoost,5.873777000066691,1335.036255430637,1680.4717918691047,2716.778401184507,4443.956083376845,7898.311447761518,0.2916666666666667,1.0326776482880042,0.8664168193478564,0.7002209073327603,0.6246987608201713,0.5815492656058943,0.9928578131303122
alibaba2018,0,LGBM Q50,5.300460832173549,1183.7402755770659,1604.0453682639297,2864.9606463245213,4966.486109758841,9169.53703662748,0.3506944444444444,0.9156471361689027,0.8270129214814854,0.7384133142281137,0.6981522004689545,0.6751490574745654,0.8959488843983953
alibaba2018,0,LGBM Q70,6.275150732467469,1494.2415214226999,1746.1609460448633,2501.9192199113536,3761.516343022171,6280.710589243805,0.21180555555555555,1.1558261538143335,0.9002848011265383,0.6448432251507075,0.5287663861217122,0.4624460120135014,1.0607029230476384
alibaba2018,0,LGBM Q80,6.827766145681015,1641.901558417216,1836.083604152825,2418.6297413596526,3389.5399700376984,5331.36042739379,0.17708333333333334,1.2700441903128479,0.9466470809352038,0.623376242706605,0.4764766751304173,0.3925457690212877,1.1541127563898093
alibaba2018,0,LGBM Q90,8.522512537802324,2126.382362322408,2230.96297989771,2544.7048326236154,3067.607920500125,4113.414096253144,0.09722222222222222,1.6447999283554164,1.1502387951278092,0.6558707644380876,0.4312218281784642,0.302868905921267,1.4405795726603188
alibaba2018,0,LGBM Q95,9.572786110749695,2404.1048311548484,2476.9302536053333,2695.406520956789,3059.533633209215,3787.7878577140673,0.0798611111111111,1.859623896486613,1.2770544810444355,0.6947125311774084,0.43008680407595223,0.2788931864099683,1.6181096904726302
alibaba2018,0,LGBM Q99,13.29782494819493,3544.4104523993815,3573.5405289089417,3660.9307584376234,3806.5811409854255,4097.88190608103,0.03125,2.741673445692715,1.8424442670496841,0.943566194518457,0.5351012649810155,0.3017252774574383,2.247761431410253
alibaba2018,0,LGBM Q90 conformal,7.623545598695745,1861.8350558704742,2006.6508786462266,2441.0983469734842,3165.1774608522464,4613.335688609772,0.1388888888888889,1.4401672158156462,1.0345880723677554,0.6291672882341164,0.44493743873090885,0.3396779171660594,1.2886251574301057
alibaba2018,1,Naive,6.055029132554484,1351.8597609276553,2027.777100923638,4055.5291209115867,7435.1158208915,14194.28922085133,0.5138888888888888,1.0,1.0,1.0,1.0,1.0,1.0
alibaba2018,1,ARIMA,5.323490774623836,1206.1085674496148,1840.9953098926678,3745.6555372218263,6920.089249437091,13268.95667386762,0.5034722222222222,0.8921846794389198,0.9078884010743131,0.9235923169452898,0.9307305247340915,0.9348095186320143,0.8791849978066038
alibaba2018,1,XGBoost,5.914964898579329,1359.973963635983,2343.4371332119313,5293.826641939776,10211.142489819518,20045.774185579,0.6597222222222222,1.0060022518184575,1.155668013089068,1.3053356255397444,1.3733669704415123,1.4122421963990894,0.9768681155930186
alibaba2018,1,LGBM Q50,5.5402778288534185,1272.258793585174,2053.7178217271094,4398.0949061529145,8305.39004686259,16119.980328281941,0.5763888888888888,0.9411174371460997,1.0127926885019343,1.084468826391839,1.1170491821426316,1.1356666105268436,0.9149878072537194
alibaba2018,1,LGBM Q70,5.554493719246403,1257.2302100605912,1752.9128630246964,3239.960821917012,5718.374086737538,10675.20061637859,0.4513888888888889,0.9300004677984285,0.8644504675717352,0.7988996565727398,0.7691035653634084,0.752077152316777,0.9173355895817273
alibaba2018,1,LGBM Q80,5.919475162613382,1320.6401372673315,1659.702633518686,2676.8901222727504,4372.202603529524,7762.827566043071,0.3402777777777778,0.9769061669245184,0.8184837637049474,0.6600594009964966,0.588047679263358,0.5468979422118243,0.977612994591173
alibaba2018,1,LGBM Q90,6.772715308125657,1520.7292612817214,1736.7399196113333,2384.7718946001696,3464.8251862482293,5624.93176954435,0.2326388888888889,1.1249164338157285,0.8564747667878588,0.5880297794691041,0.4660082330543686,0.39628132709042996,1.118527286964249
alibaba2018,1,LGBM Q95,7.680387116594384,1771.4281456252043,1907.526849070101,2315.8229594047907,2996.316476629274,4357.30351107824,0.1527777777777778,1.310363838634888,0.9406984861409254,0.5710285613444809,0.40299526581819994,0.3069758156454489,1.2684310757980113
alibaba2018,1,LGBM Q99,10.685454891435592,2674.8003582898236,2705.9390470384833,2799.355113284463,2955.0485570277633,3266.4354445143626,0.04513888888888889,1.9786078671757767,1.3344361398528208,0.690256444923575,0.39744485872359164,0.2301232131944999,1.7647239439337978
alibaba2018,1,LGBM Q90 conformal,6.995958915704966,1583.3776296063236,1775.0173540033843,2349.936527194566,3308.1351491798696,5224.532393150476,0.21180555555555555,1.1712587913111632,0.8753513160765434,0.5794401808330145,0.44493390942001637,0.368072843371098,1.1553964089275197
alibaba2018,2,Naive,6.010509107114582,1297.3461068174827,1952.0848064120416,3916.3009051957188,7189.994403168514,13737.381399114103,0.4583333333333333,1.0,1.0,1.0,1.0,1.0,1.0
alibaba2018,2,ARIMA,5.246979110777653,1117.8708348766918,1745.6772125170319,3629.0963454380517,6768.128233639752,13046.192010043153,0.4791666666666667,0.8616596827957796,0.8942629986069152,0.9266643277137782,0.9413259390935197,0.9496855063574544,0.8729675003015726
alibaba2018,2,XGBoost,5.2384439016649225,1168.3080890056008,1738.599993305972,3449.4757062070858,6300.935227708942,12003.854270712654,0.4409722222222222,0.9005369368021423,0.890637531522794,0.8807994558412761,0.8763477235715541,0.8738094926509617,0.8715474526881969
alibaba2018,2,LGBM Q50,5.337941219017451,1158.9994363184758,1836.6042301597188,3869.4186116834476,7257.442580889663,14033.490519302093,0.5138888888888888,0.8933617869803573,0.9408424388771419,0.9880289347914832,1.0093808386959837,1.021554990109475,0.8881013444766237
alibaba2018,2,LGBM Q70,5.513131423668569,1264.8006968949126,1643.5322590856085,2779.726945657697,4673.384756611177,8460.700378518137,0.3368055555555556,0.9749138570258578,0.8419369146704456,0.7097838018447101,0.6499844776724294,0.6158888752308901,0.9172486598752057
alibaba2018,2,LGBM Q80,6.077395000495869,1451.6418684259038,1703.5849710721036,2459.414279010703,3719.129792241702,6238.5608187037,0.24305555555555555,1.1189318415476066,0.8727002871372765,0.6279942064073324,0.5172646296640707,0.4541302769031376,1.0111281577299525
alibaba2018,2,LGBM Q90,7.389437356160117,1786.145111867093,1924.9773249471534,2341.4739641873343,3035.635029587636,4423.95716038824,0.14930555555555555,1.3767683908565327,0.9861135738694098,0.5978789732629899,0.4222026971606377,0.32203787838878317,1.2294195424166834
alibaba2018,2,LGBM Q95,8.48713686093002,2110.0564561043943,2210.5746654700233,2512.1292935669103,3014.7203403950552,4019.9024340513447,0.10069444444444445,1.6264406583687756,1.132417330542667,0.6414546160725527,0.41929383687232313,0.29262508750835003,1.4120495801069293
alibaba2018,2,LGBM Q99,10.509771087262582,2658.1822659738664,2718.5348370776783,2899.592550389114,3201.355405908173,3804.8811169462915,0.07291666666666667,2.0489384074190102,1.3926315230506723,0.7403906442792106,0.4452514461620982,0.27697280918411865,1.7485658702059474
alibaba2018,2,LGBM Q90 conformal,9.838368143993748,2507.9644623108416,2560.3959528246414,2717.690424366041,2979.8478769350404,3504.1627820730396,0.05555555555555555,1.9331498735238235,1.311621269944047,0.6939432107375885,0.41444369909688245,0.2550822955457156,1.6368610326782744
azure_v2,0,Naive,123879.76843368528,26840358.17577887,40209936.586926654,80318671.82037002,147166563.87610897,280862347.98758686,0.4861111111111111,1.0,1.0,1.0,1.0,1.0,1.0
azure_v2,0,ARIMA,111373.30723975948,24393453.024281744,37703940.295848735,77635402.1105497,144187838.46838465,277292711.18405455,0.4861111111111111,0.9088348547559529,0.9376771886804545,0.96659220516219,0.979759496116034,0.987290440213474,0.8990435536645299
azure_v2,0,XGBoost,99325.06811906463,22362990.99193348,32584341.463327434,63248392.87750929,114355145.23447904,216568649.94841856,0.4444444444444444,0.8331852669579562,0.8103554551220429,0.787468112258656,0.7770456972192952,0.7710846665640997,0.8017860331425696
azure_v2,0,LGBM Q50,96567.09709891178,21087046.53775903,33036299.674005046,68884059.08274311,128630324.76397319,248122856.12643337,0.4861111111111111,0.7856469872592194,0.8215954184007852,0.8576344394339583,0.8740458523735026,0.8834322503684244,0.7795227446732402
azure_v2,0,LGBM Q70,103900.80483493349,24476094.88624212,31407670.93604156,52202399.08543987,86860279.33443704,156176039.8324314,0.3159722222222222,0.9119138696267365,0.781092277232117,0.6499410149882553,0.5902174858656053,0.5560590123647825,0.8387229500719737
azure_v2,0,LGBM Q80,121816.80299798168,28824911.712629523,33843256.38686592,48898290.40957512,73990013.7807571,124173460.52312109,0.25,1.073939159971477,0.8416640079424866,0.6088035235310475,0.5027637517109186,0.44211501261325753,0.9833470350987301
azure_v2,0,LGBM Q90,155605.45014049398,37899814.931538396,40601073.00483321,48704847.22471765,62211137.5911917,89223718.32413982,0.14583333333333334,1.4120457962345578,1.0097273572431775,0.6063950775187665,0.42272603200522957,0.3176777484181796,1.2561005893693766
azure_v2,0,LGBM Q95,186431.50881938633,46432558.51627665,48140766.84691979,53265391.83884921,61806433.49206491,78888516.7984963,0.09722222222222222,1.7299530137484553,1.1972355823752199,0.6631757053699225,0.41997605885597883,0.2808796457187736,1.5049391129527816
azure_v2,0,LGBM Q99,233229.5389371131,60157700.99126313,61141366.8402766,64092364.38731702,69010693.63238437,78847352.12251908,0.06597222222222222,2.2413151343691946,1.5205536747888164,0.7979758994354067,0.4689291630840854,0.2807330804127717,1.8827088707545043
azure_v2,0,LGBM Q90 conformal,181884.57821936533,45424915.541463,46973134.05724605,51617789.604595184,59358882.183510415,74841067.34134087,0.09027777777777778,1.6924109299873318,1.168197168272041,0.6426623901355916,0.40334489452020655,0.2664688516548633,1.4682347288752877
azure_v2,1,Naive,107329.91423187796,22985003.26997389,34324116.43363396,68341455.92461418,125037021.74291454,238428153.37951526,0.4375,1.0,1.0,1.0,1.0,1.0,1.0
azure_v2,1,ARIMA,97188.4050762832,20748539.038111318,31553606.23574059,63968807.828628406,117994143.81677477,226044815.7930675,0.4375,0.9026989813491068,0.9192838596952617,0.9360176332677324,0.9436736589854127,0.9480626033003045,0.9055108799054399
azure_v2,1,XGBoost,78883.59472701863,17766001.067447,24591487.510146745,45067946.83824599,79195379.05174473,147450243.47874218,0.3958333333333333,0.7729388096566141,0.7164492510009586,0.6594525420699167,0.6333754431113718,0.6184263116111123,0.7349637358005964
azure_v2,1,LGBM Q50,78691.11515667406,17662074.482389297,25841203.523322582,50378590.64612243,91274235.85078886,173065526.2601217,0.4305555555555556,0.7684173143217204,0.7528585207222106,0.7371600438494295,0.729977686436386,0.7258602803698548,0.7331703907511563
azure_v2,1,LGBM Q70,89244.03490293644,20870304.96933909,25345381.12462478,38770609.59048185,61145990.3669103,105896751.9197672,0.2708333333333333,0.9079966064917945,0.7384132137423068,0.5673073402657499,0.48902308703922126,0.44414533442788223,0.8314926508757998
azure_v2,1,LGBM Q80,106058.95079276676,24984781.397391975,27738046.282146133,35997840.93640861,49764165.360179394,77296814.20772097,0.2048611111111111,1.087003604216601,0.8081212035210852,0.5267350607238594,0.39799544700047507,0.32419331824746656,0.9881583485069653
azure_v2,1,LGBM Q90,134298.43219606334,33047946.410094924,34733389.844641596,39789720.14828162,48216937.321014985,65071371.666481726,0.09722222222222222,1.4378047295414835,1.0119237857673327,0.58221938075438,0.38562128759074743,0.27291815477388326,1.2512674882598154
azure_v2,1,LGBM Q95,162385.37409800215,41280732.69428477,42371772.73174806,45644892.844137944,51100093.031454414,62010493.40608736,0.059027777777777776,1.795985504522909,1.2344606980247934,0.6678946508615171,0.4086797039721565,0.260080416373409,1.5129554072612146
azure_v2,1,LGBM Q99,235122.18684164176,62854063.50455047,63184551.96640524,64176017.35196955,65828459.661243394,69133344.27979109,0.024305555555555556,2.734568395152631,1.8408209309210692,0.9390496073534134,0.5264717500756826,0.28995461861313365,2.190649163602968
azure_v2,1,LGBM Q90 conformal,162470.96795977172,41617210.15339047,42587710.33086775,45499210.86329962,50351711.750686064,60056713.525458954,0.04861111111111111,1.810624504359174,1.240751831535461,0.6657629728211923,0.4026944264092674,0.251885998671744,1.5137528910045133
azure_v2,2,Naive,95780.15574168165,20887822.307348546,31144821.928414095,61915820.79161075,113200818.89693849,215770815.10759398,0.4270833333333333,1.0,1.0,1.0,1.0,1.0,1.0
azure_v2,2,ARIMA,86333.50362706903,19438837.927962862,26613236.68602339,48136432.960204974,84008426.75050762,155752414.3311129,0.3680555555555556,0.9306301845130157,0.8544995616668966,0.7774496460640831,0.7421185426846734,0.721841896242766,0.9013715101895411
azure_v2,2,XGBoost,68801.9968134959,15867244.781701226,20595652.92272062,34780877.345778786,58422918.05087574,105706999.46106963,0.3263888888888889,0.759640930884354,0.6612865846547274,0.5617445896879946,0.5160997828475584,0.48990406514596935,0.7183324800499841
azure_v2,2,LGBM Q50,69209.67378613366,15726438.648292767,20982349.30158284,36750081.261453055,63029634.527903415,115588741.06080413,0.3888888888888889,0.7528998675347811,0.6737026575335847,0.5935491251120181,0.5567948636951782,0.535701461771676,0.7225888624862088
azure_v2,2,LGBM Q70,83400.99665375045,19927281.465322696,22863707.73344302,31672986.53780399,46355117.8784056,75719380.55960883,0.21875,0.9540143138000594,0.7341094383520609,0.511549166801896,0.4094945454467845,0.3509250336837788,0.8707544481205721
azure_v2,2,LGBM Q80,98443.04800292356,24161793.253721155,26092346.655148476,31884006.85943044,41536773.866567045,60842307.88084026,0.1527777777777778,1.1567406548274204,0.8377747901439714,0.5149573477632158,0.3669299769322641,0.28197654001770944,1.0278021291636203
azure_v2,2,LGBM Q90,128743.08875196172,32952181.203645825,33841983.36868161,36511389.863788955,40960400.68896787,49858422.33932569,0.0798611111111111,1.5775785871202532,1.0866006377068682,0.5896940296838646,0.3618383779207417,0.23107120541053625,1.3441520088898253
azure_v2,2,LGBM Q95,156533.77216570414,40706448.576854594,41253922.70725027,42896345.098437294,45633715.75041566,51108457.0543724,0.04861111111111111,1.9488124696720375,1.324583675645081,0.6928171919550732,0.4031217812298867,0.23686455014264648,1.6343027525229186
azure_v2,2,LGBM Q99,231567.02598738915,62883157.41431323,62991647.06073749,63317116.00001026,63859564.232131556,64944460.69637413,0.010416666666666666,3.010517635061952,2.022539965247605,1.0226322641044496,0.5641263451483621,0.3009881603496266,2.417693145247369
azure_v2,2,LGBM Q90 conformal,149652.26772058575,39016859.9625825,39456020.860402696,40773503.55386327,42969308.042964235,47360917.02116616,0.04513888888888889,1.867923778193765,1.266856524371588,0.65853126119565,0.37958478093771403,0.21949639944377866,1.562455882032566
google2019,0,Naive,1.7101431269761531,358.4665597827695,538.9550137123116,1080.420375500938,1982.8626451486489,3787.74718444407,0.4930555555555556,1.0,1.0,1.0,1.0,1.0,1.0
google2019,0,ARIMA,1.647154130613177,350.58683600722634,509.9911661129538,988.2041564301362,1785.2258069587738,3379.2691080160484,0.5034722222222222,0.9780182458851441,0.9462592482443843,0.9146478341561768,0.9003275195720585,0.8921580410367398,0.9631674124993548
google2019,0,XGBoost,1.7094999231267856,362.15022183946706,546.9679721124749,1101.4212229314983,2025.5099742965374,3873.687477026616,0.5243055555555556,1.0102761665102873,1.0148675830009821,1.0194376632529012,1.02150795933961,1.0226890255335663,0.9996238888785263
google2019,0,LGBM Q50,1.6845166349878293,357.1406534242128,531.1701635761444,1053.2586940319393,1923.4062447915974,3663.701346310914,0.53125,0.9963011714137013,0.9855556587505416,0.9748600803123458,0.9700148668882739,0.9672507609159868,0.9850150016194047
google2019,0,LGBM Q70,1.8364054132537935,378.4889480464574,470.65950193577794,747.1711636037396,1208.0239330503425,2129.729471943548,0.3506944444444444,1.0558556655209943,0.8732816097096574,0.6915559726067855,0.6092322814219846,0.5622681156467231,1.073831414626035
google2019,0,LGBM Q80,2.0213664620386087,432.7916486471651,505.23002683691493,722.5451614061644,1084.7370523549134,1809.1208342524114,0.2465277777777778,1.207341764067021,0.9374252284191594,0.6687629905823977,0.5470560732024856,0.47762449449696764,1.1819867180431591
google2019,0,LGBM Q90,2.3857817720137593,538.0064377488342,575.631747446664,688.5076765401536,876.6342250293028,1252.8873220076014,0.14583333333333334,1.5008553045362607,1.0680515679439064,0.6372590633723715,0.442105370825413,0.33077374518370567,1.395077250775062
google2019,0,LGBM Q95,2.895942357487975,675.2679347819102,696.5657385071818,760.4591496829963,866.9481683093541,1079.9262055620693,0.0798611111111111,1.8837682800625033,1.2924376261188306,0.7038548762377872,0.4372204854584679,0.2851104239473075,1.6933918055201218
google2019,0,LGBM Q99,4.186523197751397,1041.3695250972771,1046.7787372170428,1063.0063735763401,1090.0524341751689,1144.1445553728263,0.024305555555555556,2.905067423104533,1.942237683265717,0.9838821977820218,0.5497367338288079,0.30206465734347926,2.4480542778626595
google2019,0,LGBM Q90 conformal,2.768764880745691,657.3074220009834,678.6001666375798,742.4784005473692,848.9421237303516,1061.8695700963162,0.0763888888888889,1.8336645471178992,1.2591035418028587,0.6872125122622927,0.4281396524400756,0.2803433065589269,1.6190252365843645
google2019,1,Naive,1.866525987103261,353.1582817020908,530.0720770688723,1060.813463169217,1945.3824400031244,3714.52039367094,0.4930555555555556,1.0,1.0,1.0,1.0,1.0,1.0
google2019,1,ARIMA,1.812372519929007,352.45867150612906,523.728227001027,1037.5368934857206,1893.88467096021,3606.5802259091893,0.53125,0.998018989693262,0.9880320991384327,0.9780578108294773,0.9735282029980533,0.9709410216334613,0.9709870274786279
google2019,1,XGBoost,1.8625367484258923,366.3883833300831,541.3996602909923,1066.4334911737199,1941.4898759782657,3691.602645587357,0.5277777777777778,1.0374622437401955,1.0213698923451275,1.0052978475477798,0.9979990751716395,0.9938302268786485,0.9978627467793472
google2019,1,LGBM Q50,1.8938862339851503,371.68276055848344,546.5857918631992,1071.2948857773467,1945.8100423009255,3694.8403553480834,0.53125,1.0524537574684971,1.0311537157090833,1.0098805520216685,1.0002198037203422,0.9947018628955736,1.0146583798301951
google2019,1,LGBM Q70,2.0209711347588994,396.188074164623,505.8583012832337,834.8689826390657,1383.2201182321194,2479.9223894182264,0.3680555555555556,1.1218427959699677,0.9543198428418773,0.7870082833836458,0.7110273485504978,0.6676292297771986,1.082744707934835
google2019,1,LGBM Q80,2.1722019159791346,438.8310593925286,515.8373845213727,746.856359907905,1131.8879855521254,1901.9512368405663,0.2604166666666667,1.242590311849766,0.9731457415636513,0.7040411776794817,0.5818331461603548,0.5120314428967045,1.1637673040653802
google2019,1,LGBM Q90,2.527913850244989,537.2850388618967,581.3160685523326,713.4091576236399,933.5643060758189,1373.8746029801766,0.13541666666666666,1.5213717664283104,1.0966736293049486,0.6725114097744436,0.4798872894495334,0.36986594697961017,1.3543416313041339
google2019,1,LGBM Q95,2.870499049168169,634.0175672609199,662.6725503164961,748.6374994832242,891.9124147611047,1178.4622453168656,0.09375,1.7952787747329397,1.25015555239367,0.7057202095141627,0.4584766452192672,0.31725825151608056,1.5378832488815306
google2019,1,LGBM Q99,4.462786292902972,1002.0675299742163,1009.1541290647616,1030.4139263363973,1065.8469217891234,1136.7129126945756,0.024305555555555556,2.8374459325847483,1.9038054874443842,0.9713431834264245,0.5478855467552239,0.3060187567233139,2.390958563523112
google2019,1,LGBM Q90 conformal,2.9222606211168487,673.0178021514606,701.2778592738,786.0580306408184,927.3583162525157,1209.9588874759102,0.0625,1.9057115096034747,1.3229858534553272,0.7409955264825192,0.4766971764436335,0.3257375809640251,1.5656147523839334
google2019,2,Naive,1.2653375687296067,257.1115251075743,387.65572398513973,779.2883206178361,1432.0093150056632,2737.4513037813176,0.4965277777777778,1.0,1.0,1.0,1.0,1.0,1.0
google2019,2,ARIMA,1.3273746869398355,274.4225441221929,450.9063040973538,980.3575840228365,1862.7763838986411,3627.6139836502502,0.6180555555555556,1.0673288333044415,1.1631617339787783,1.2580165236476128,1.3008130354873246,1.3251793661641857,1.0490281168783393
google2019,2,XGBoost,1.3232366208713897,279.2378570683193,464.8540450077221,1021.7026088259306,1949.7835485229446,3805.9454279169727,0.6319444444444444,1.086057332324902,1.1991414449630098,1.311071373449949,1.3615718334312885,1.390324431583391,1.045757791100689
google2019,2,LGBM Q50,1.337994226592652,272.5614653126203,450.48943996009075,984.273363902502,1873.9132371398541,3653.192983614558,0.6319444444444444,1.0600904226233414,1.1620863877076653,1.2630413389516082,1.3085901170499323,1.33452345930987,1.0574207702818723
google2019,2,LGBM Q70,1.3158709207497166,267.57609856736946,364.3241092809916,654.5681414218578,1138.3081949899683,2105.788302126189,0.3715277777777778,1.0407005226833639,0.9398135684305218,0.8399563089857455,0.7949027866382745,0.769251419821571,1.039936656643211
google2019,2,LGBM Q80,1.4588068886653973,307.847797972718,378.89983009010245,592.0559264422558,947.316087029178,1657.8364082030225,0.28125,1.1973317720546206,0.9774132216983002,0.7597392528260419,0.6615292771509881,0.6056131138891885,1.152899372244225
google2019,2,LGBM Q90,1.7244716893293561,377.70294828346067,427.71317221191623,577.743843997283,827.7949636395608,1327.8972029241165,0.21180555555555555,1.4690237947343334,1.103332533865312,0.7413736722491049,0.5780653484340548,0.48508523278198784,1.362855045125008
google2019,2,LGBM Q95,2.0243543709569263,470.25363652622895,512.2421361565212,638.2076350473978,848.1501331988588,1268.035129501781,0.125,1.8289869982665183,1.321384167607847,0.8189621455399376,0.5922797598530318,0.4632174197035793,1.5998532099140699
google2019,2,LGBM Q99,2.7204249194726207,654.2617982513442,679.8578452183796,756.6459861194854,884.6262209546619,1140.5866906250149,0.10069444444444445,2.544661496514417,1.7537670751494978,0.9709448558392363,0.6177517224817518,0.4166600841627724,2.1499598104906625
google2019,2,LGBM Q90 conformal,1.9980779732459366,464.9251998788933,496.39830280067486,590.8176115660197,748.1831261749275,1062.9141553927432,0.11458333333333333,1.8082627750131801,1.280513280437731,0.7581502198026104,0.5224708515055774,0.3882860505772323,1.5790868955641602
